Reference,Qty,Value,Footprint
DS1,1,OLED_128X64_1.3_I2C,OLED_128X64_1.3_I2C:LCD_OLED_128X64_1.3_I2C
J1,1,Conn_01x05_Socket,Connector_PinSocket_2.54mm:PinSocket_1x05_P2.54mm_Vertical
LS1,1,CMI-1210-5-95T,Piezo Buzzer:XDCR_CMI-1210-5-95T
PAD1,1,Battery_Solder_Pads,Connector_PinHeader_2.54mm:PinHeader_1x02_P2.54mm_Vertical
SW1,1,Power_Switch,Connector_PinHeader_2.54mm:PinHeader_1x03_P2.54mm_Vertical
"SW2,SW3,SW4,SW5,SW6,SW7",6,SW_Push,Button_Switch_THT:SW_PUSH_6mm
U1,1,DEVKIT_V1_ESP32-WROOM-32,DEVKIT_V1_ESP32-WROOM-32:MODULE_DEVKIT_V1_ESP32-WROOM-32
U2,1,MT3608_DC-DC_STEP_UP_CONVERTER_2A_BOOSTER_MODULE,MT3608_DC-DC_STEP_UP_CONVERTER_2A_BOOSTER_MODULE:MODULE_MT3608_DC-DC_STEP_UP_CONVERTER_2A_BOOSTER_MODULE
U3,1,TP4056 Charging Module,TP4056_MICRO-USB_CHARGER_-_1A:MODULE_TP4056_MICRO-USB_CHARGER_-_1A
